{
  "providerId": "Microsoft.Tools.ServiceModel.Svcutil",
  "version": "2.1.0",
  "options": {
    "inputs": [
      "https://localhost:7294/LookupService.svc?wsdl"
    ],
    "namespaceMappings": [
      "*, ServiceReference"
    ],
    "outputFile": "Reference.cs",
    "references": [
      "Azure.Core, {Azure.Core, 1.38.0}",
      "Azure.Identity, {Azure.Identity, 1.11.4}",
      "CoreWCF.Http, {CoreWCF.Http, 1.6.0}",
      "CoreWCF.Primitives, {CoreWCF.Primitives, 1.6.0}",
      "Microsoft.AspNetCore.Authentication, {Microsoft.AspNetCore.Authentication, 2.1.2}",
      "Microsoft.AspNetCore.Authentication.Abstractions, {Microsoft.AspNetCore.Authentication.Abstractions, 2.1.1}",
      "Microsoft.AspNetCore.Authentication.Core, {Microsoft.AspNetCore.Authentication.Core, 2.1.1}",
      "Microsoft.AspNetCore.Authorization, {Microsoft.AspNetCore.Authorization, 2.1.2}",
      "Microsoft.AspNetCore.Cryptography.Internal, {Microsoft.AspNetCore.Cryptography.Internal, 2.1.1}",
      "Microsoft.AspNetCore.DataProtection, {Microsoft.AspNetCore.DataProtection, 2.1.1}",
      "Microsoft.AspNetCore.DataProtection.Abstractions, {Microsoft.AspNetCore.DataProtection.Abstractions, 2.1.1}",
      "Microsoft.AspNetCore.Hosting.Abstractions, {Microsoft.AspNetCore.Hosting.Abstractions, 2.1.1}",
      "Microsoft.AspNetCore.Hosting.Server.Abstractions, {Microsoft.AspNetCore.Hosting.Server.Abstractions, 2.1.1}",
      "Microsoft.AspNetCore.Http, {Microsoft.AspNetCore.Http, 2.1.34}",
      "Microsoft.AspNetCore.Http.Abstractions, {Microsoft.AspNetCore.Http.Abstractions, 2.1.1}",
      "Microsoft.AspNetCore.Http.Extensions, {Microsoft.AspNetCore.Http.Extensions, 2.1.1}",
      "Microsoft.AspNetCore.Http.Features, {Microsoft.AspNetCore.Http.Features, 2.1.1}",
      "Microsoft.AspNetCore.WebSockets, {Microsoft.AspNetCore.WebSockets, 2.1.7}",
      "Microsoft.AspNetCore.WebUtilities, {Microsoft.AspNetCore.WebUtilities, 2.1.1}",
      "Microsoft.Bcl.AsyncInterfaces, {Microsoft.Bcl.AsyncInterfaces, 8.0.0}",
      "Microsoft.Data.SqlClient, {Microsoft.Data.SqlClient, 5.2.2}",
      "Microsoft.Extensions.Caching.Abstractions, {Microsoft.Extensions.Caching.Abstractions, 6.0.0}",
      "Microsoft.Extensions.Caching.Memory, {Microsoft.Extensions.Caching.Memory, 6.0.1}",
      "Microsoft.Extensions.Configuration, {Microsoft.Extensions.Configuration, 6.0.0}",
      "Microsoft.Extensions.Configuration.Abstractions, {Microsoft.Extensions.Configuration.Abstractions, 6.0.0}",
      "Microsoft.Extensions.Configuration.Binder, {Microsoft.Extensions.Configuration.Binder, 6.0.0}",
      "Microsoft.Extensions.DependencyInjection, {Microsoft.Extensions.DependencyInjection, 8.0.0}",
      "Microsoft.Extensions.DependencyInjection.Abstractions, {Microsoft.Extensions.DependencyInjection.Abstractions, 8.0.1}",
      "Microsoft.Extensions.FileProviders.Abstractions, {Microsoft.Extensions.FileProviders.Abstractions, 2.1.1}",
      "Microsoft.Extensions.Hosting.Abstractions, {Microsoft.Extensions.Hosting.Abstractions, 2.1.1}",
      "Microsoft.Extensions.Logging, {Microsoft.Extensions.Logging, 6.0.0}",
      "Microsoft.Extensions.Logging.Abstractions, {Microsoft.Extensions.Logging.Abstractions, 6.0.4}",
      "Microsoft.Extensions.Logging.Configuration, {Microsoft.Extensions.Logging.Configuration, 6.0.0}",
      "Microsoft.Extensions.Logging.Console, {Microsoft.Extensions.Logging.Console, 6.0.0}",
      "Microsoft.Extensions.Logging.Debug, {Microsoft.Extensions.Logging.Debug, 6.0.0}",
      "Microsoft.Extensions.ObjectPool, {Microsoft.Extensions.ObjectPool, 6.0.33}",
      "Microsoft.Extensions.Options, {Microsoft.Extensions.Options, 6.0.0}",
      "Microsoft.Extensions.Options.ConfigurationExtensions, {Microsoft.Extensions.Options.ConfigurationExtensions, 6.0.0}",
      "Microsoft.Extensions.Primitives, {Microsoft.Extensions.Primitives, 8.0.0}",
      "Microsoft.Extensions.WebEncoders, {Microsoft.Extensions.WebEncoders, 2.1.1}",
      "Microsoft.Identity.Client, {Microsoft.Identity.Client, 4.61.3}",
      "Microsoft.Identity.Client.Extensions.Msal, {Microsoft.Identity.Client.Extensions.Msal, 4.61.3}",
      "Microsoft.IdentityModel.Abstractions, {Microsoft.IdentityModel.Abstractions, 6.35.1}",
      "Microsoft.IdentityModel.JsonWebTokens, {Microsoft.IdentityModel.JsonWebTokens, 6.35.0}",
      "Microsoft.IdentityModel.Logging, {Microsoft.IdentityModel.Logging, 6.35.1}",
      "Microsoft.IdentityModel.Protocols, {Microsoft.IdentityModel.Protocols, 6.35.1}",
      "Microsoft.IdentityModel.Protocols.OpenIdConnect, {Microsoft.IdentityModel.Protocols.OpenIdConnect, 6.35.0}",
      "Microsoft.IdentityModel.Protocols.WsFederation, {Microsoft.IdentityModel.Protocols.WsFederation, 6.35.1}",
      "Microsoft.IdentityModel.Protocols.WsTrust, {Microsoft.IdentityModel.Protocols.WsTrust, 6.8.0}",
      "Microsoft.IdentityModel.Tokens, {Microsoft.IdentityModel.Tokens, 6.35.1}",
      "Microsoft.IdentityModel.Tokens.Saml, {Microsoft.IdentityModel.Tokens.Saml, 6.35.1}",
      "Microsoft.IdentityModel.Xml, {Microsoft.IdentityModel.Xml, 6.35.1}",
      "Microsoft.Net.Http.Headers, {Microsoft.Net.Http.Headers, 2.1.1}",
      "Microsoft.SqlServer.Server, {Microsoft.SqlServer.Server, 1.0.0}",
      "Microsoft.Win32.Registry, {Microsoft.Win32.Registry, 4.5.0}",
      "Microsoft.Win32.SystemEvents, {Microsoft.Win32.SystemEvents, 6.0.0}",
      "System.ClientModel, {System.ClientModel, 1.0.0}",
      "System.Diagnostics.DiagnosticSource, {System.Diagnostics.DiagnosticSource, 6.0.1}",
      "System.DirectoryServices, {System.DirectoryServices, 6.0.1}",
      "System.DirectoryServices.Protocols, {System.DirectoryServices.Protocols, 6.0.2}",
      "System.Drawing.Common, {System.Drawing.Common, 6.0.0}",
      "System.Formats.Asn1, {System.Formats.Asn1, 6.0.0}",
      "System.IdentityModel.Tokens.Jwt, {System.IdentityModel.Tokens.Jwt, 6.35.0}",
      "System.IO, {System.IO, 4.3.0}",
      "System.Memory.Data, {System.Memory.Data, 1.0.2}",
      "System.Net.WebSockets.WebSocketProtocol, {System.Net.WebSockets.WebSocketProtocol, 4.5.3}",
      "System.Reflection.DispatchProxy, {System.Reflection.DispatchProxy, 4.7.1}",
      "System.Runtime, {System.Runtime, 4.3.0}",
      "System.Runtime.CompilerServices.Unsafe, {System.Runtime.CompilerServices.Unsafe, 6.0.0}",
      "System.Security.AccessControl, {System.Security.AccessControl, 6.0.0}",
      "System.Security.Cryptography.Cng, {System.Security.Cryptography.Cng, 4.5.0}",
      "System.Security.Cryptography.Pkcs, {System.Security.Cryptography.Pkcs, 6.0.1}",
      "System.Security.Cryptography.ProtectedData, {System.Security.Cryptography.ProtectedData, 6.0.0}",
      "System.Security.Cryptography.Xml, {System.Security.Cryptography.Xml, 6.0.1}",
      "System.Security.Permissions, {System.Security.Permissions, 6.0.0}",
      "System.Security.Principal.Windows, {System.Security.Principal.Windows, 5.0.0}",
      "System.Text.Encoding, {System.Text.Encoding, 4.3.0}",
      "System.Text.Encodings.Web, {System.Text.Encodings.Web, 6.0.0}",
      "System.Text.Json, {System.Text.Json, 6.0.0}",
      "System.Threading.Tasks, {System.Threading.Tasks, 4.3.0}",
      "System.Web.Services.Description, {System.Web.Services.Description, 6.2.0}",
      "System.Windows.Extensions, {System.Windows.Extensions, 6.0.0}",
      "System.Xml.ReaderWriter, {System.Xml.ReaderWriter, 4.3.0}",
      "System.Xml.XmlDocument, {System.Xml.XmlDocument, 4.3.0}"
    ],
    "targetFramework": "net6.0",
    "typeReuseMode": "All"
  }
}